manuscript_id,status,title,authors,letter_date,event_name,event_date,location,chair_name,chair_title
1571257569,accepted,Comparative Study of Rice Disease Detection Using ConvNeXt-Base and Conventional CNN Models,"Samuel Welson, S.Kom (Institut Bisnis dan Teknologi Indonesia Indonesia, Indonesia); Aniek Suryanti Kusuma (Institut Bisnis dan Teknologi Indonesia, Indonesia); Putu Sugiartawan (Indonesian Institute of Business and Technology, Indonesia & Informatics Engineering Study Program, Indonesia)",13-Aug-26,2026 Ninth International Conference on Vocational Education and Electrical Engineering (ICVEE),17-18 September 2026,"Surabaya, Indonesia","Prof. Dr. Nurhayati, S.T., M.T.",General Chair
1571267469,accepted,SentinelGuard-AI: Multi-Type Attack Detection Framework Using Natural Language Processing Processing (NLP) and Deep Q-Networks Reinforcement Learning (DQN-RL),"Carlo Jude P Abuda (Visayas State University, Philippines); Kent Claire Apple Joy M Pallomina (Visayas State University AlangAlang, Philippines); Ketan Raju Kundiya (VPM's Maharshi Parshuram College of Engineering, India); Cristina Dumdumaya (University of Southeastern Philippines, Philippines)",13-Aug-26,2026 Ninth International Conference on Vocational Education and Electrical Engineering (ICVEE),17-18 September 2026,"Surabaya, Indonesia","Prof. Dr. Nurhayati, S.T., M.T.",General Chair
1571267484,accepted,Admission-to-Enrollment Outcome Forecasting Through Predictive Modeling for Visayas State University Alangalang,"Carlo Jude P Abuda (Visayas State University Alangalang, Philippines); Kent Claire Apple Joy M Pallomina (Visayas State University AlangAlang, Philippines); Ronnie L. Luriaga (Visayas State University Alangalang, Philippines); Maureen M Villamor (University of Southeastern Philippines, Philippines)",13-Aug-26,2026 Ninth International Conference on Vocational Education and Electrical Engineering (ICVEE),17-18 September 2026,"Surabaya, Indonesia","Prof. Dr. Nurhayati, S.T., M.T.",General Chair
1571267967,accepted,The Efficacy of Large Language Model Tools in Solving Electrical Circuit Problems,"Mohamad Ramdhani, Athif Fadheel Atharahman, Suksmandhira Harimurti and Diyah Widiyasari (Telkom University, Indonesia)",13-Aug-26,2026 Ninth International Conference on Vocational Education and Electrical Engineering (ICVEE),17-18 September 2026,"Surabaya, Indonesia","Prof. Dr. Nurhayati, S.T., M.T.",General Chair
1571268176,accepted,Syntax-Preserving Diffusion Modeling of SQL Injection Attack Payloads Using Hilbert Space Feature Mapping,"Carlo Jude P Abuda (Visayas State University, Philippines); Kent Claire Apple Joy M Pallomina (Visayas State University AlangAlang, Philippines); Ketan Raju Kundiya (VPM's Maharshi Parshuram College of Engineering, India)",13-Aug-26,2026 Ninth International Conference on Vocational Education and Electrical Engineering (ICVEE),17-18 September 2026,"Surabaya, Indonesia","Prof. Dr. Nurhayati, S.T., M.T.",General Chair
1571273336,accepted,An AI-Assisted QR-Based Assessment Model for Integrating Technical Mandarin and Vocational Competence in Indonesian Vocational Education,"S Sunarti (Universitas Negeri Malang, Indonesia)",13-Aug-26,2026 Ninth International Conference on Vocational Education and Electrical Engineering (ICVEE),17-18 September 2026,"Surabaya, Indonesia","Prof. Dr. Nurhayati, S.T., M.T.",General Chair
1571279780,accepted,Preliminary FPGA-Based Fixed-Point Feature Extraction for Anomaly Detection in Multi-Sensor Mechatronic Actuator Signals,"I Nyoman Kusuma Wardana (Politeknik Negeri Bali, Indonesia); Ida Bagus Irawan Purnama (Bali State Polytechnic, Indonesia); I Gusti Ngurah Agung Dwijaya Saputra and I Wayan Marlon Managi (Politeknik Negeri Bali, Indonesia); Padma Nyoman Crisnapati (Rajamangala University of Technology Thanyaburi, Thailand); Dechrit Maneetham (Rajamangala University of Technology Thanyaburi & TDS Thailand Company, Thailand)",13-Aug-26,2026 Ninth International Conference on Vocational Education and Electrical Engineering (ICVEE),17-18 September 2026,"Surabaya, Indonesia","Prof. Dr. Nurhayati, S.T., M.T.",General Chair
1571280074,accepted,Design and Development of an Outseal PLC Mega-Based Trainer Kit as a Learning Tool for Electrical Motor Installation,"Mustofa Abi Hamid (Universitas Sultan Ageng Tirtayasa, Indonesia & Universitas Negeri Yogyakarta, Indonesia); Nuzulul Fikri and Irwanto (Universitas Sultan Ageng Tirtayasa, Indonesia); Muhammad Nurtanto (Universitas Negeri Jakarta, Indonesia); Bagus Dwi Cahyono (Sultan Ageng Tirtayasa University & FKIP, Indonesia); Muhammad Hakiki (Universitas Negeri Surabaya, Indonesia); Affero Ismail (Universiti Tun Hussein Onn Malaysia, Malaysia)",13-Aug-26,2026 Ninth International Conference on Vocational Education and Electrical Engineering (ICVEE),17-18 September 2026,"Surabaya, Indonesia","Prof. Dr. Nurhayati, S.T., M.T.",General Chair
1571280332,accepted,Comparative Analysis of GRU and LSTM for Microclimate Prediction in IoT-Enabled Smart Greenhouse,"Madukil Makruf, Mokh Sholihul Hadi and Ilham Ari Elbaith Zaeni (Universitas Negeri Malang, Indonesia); Masdukil Makruf (Department of Informatics Engineering, Universitas Islam Madura, Indonesia)",13-Aug-26,2026 Ninth International Conference on Vocational Education and Electrical Engineering (ICVEE),17-18 September 2026,"Surabaya, Indonesia","Prof. Dr. Nurhayati, S.T., M.T.",General Chair
1571281021,accepted,"E-Laag: Design, Development, and Evaluation of an Intelligent Mobile Tourism Application for Ubiquitous Travel Support","Randy O. Descarten and Angielee G. Camarin (Surigao del Norte State University, Philippines)",13-Aug-26,2026 Ninth International Conference on Vocational Education and Electrical Engineering (ICVEE),17-18 September 2026,"Surabaya, Indonesia","Prof. Dr. Nurhayati, S.T., M.T.",General Chair
1571281084,accepted,Bagwis: A Co-Designed RPG-Based Ubiquitous Mobile Learning Application for Disaster Risk Reduction Education,"Jasten Keneth D Treceńe (Eastern Visayas State University, Philippines)",13-Aug-26,2026 Ninth International Conference on Vocational Education and Electrical Engineering (ICVEE),17-18 September 2026,"Surabaya, Indonesia","Prof. Dr. Nurhayati, S.T., M.T.",General Chair
1571282959,accepted,Design and Evaluation of 923 MHz Inset-Fed Microstrip Antenna Arrays with 1x2 and 1x4 Configurations for LoRa Applications,"Afandi Sahputra, Syahrial, Teuku Yuliar Arif, Akhyar A and Yunida (Universitas Syiah Kuala, Indonesia)",13-Aug-26,2026 Ninth International Conference on Vocational Education and Electrical Engineering (ICVEE),17-18 September 2026,"Surabaya, Indonesia","Prof. Dr. Nurhayati, S.T., M.T.",General Chair
1571284761,accepted,Enhancing Electricity Demand Forecasting Using Data Augmentation in a Hybrid Autoformer Framework (HAFF),"Micheline Apolinar-Gotardo (Isabela State University, Philippines)",13-Aug-26,2026 Ninth International Conference on Vocational Education and Electrical Engineering (ICVEE),17-18 September 2026,"Surabaya, Indonesia","Prof. Dr. Nurhayati, S.T., M.T.",General Chair
1571286979,accepted,EEG Signal Analysis with sLORETA for Brain Mapping of Paper and Tablet Drawing in Early Childhood Education,"Osmalina Rahma and Sayyidul Istighfar Ittaqillah (Universitas Airlangga, Indonesia); Devito Andharu (Universitas Dr Soetomo, Indonesia); Nafisa Rahmatul Laili Alami (Universitas Airlangga, Indonesia); Nita Lutfiyah (Institut Teknologi Bandung, Indonesia); Dita Maryani (Indonesia); Rahadian Bisma (Universitas Negeri Surabaya, Indonesia); M Reza Ishadi Fadillah (Universitas Dr Soetomo, Indonesia); Rifai Chai (Swinburne University of Technology, Australia)",13-Aug-26,2026 Ninth International Conference on Vocational Education and Electrical Engineering (ICVEE),17-18 September 2026,"Surabaya, Indonesia","Prof. Dr. Nurhayati, S.T., M.T.",General Chair
1571287902,accepted,The Smart Scheduler: A Tri-Hybrid Graph-Genetic Approach to Departmental Exam Timetabling,"Milagros Engao, Ritchell S. Villafuerte and Jessie R. Paragas (Eastern Visayas State University, Philippines)",13-Aug-26,2026 Ninth International Conference on Vocational Education and Electrical Engineering (ICVEE),17-18 September 2026,"Surabaya, Indonesia","Prof. Dr. Nurhayati, S.T., M.T.",General Chair
1571289829,accepted,Neural Architecture Search: Combines Quantum-Inspired PSO with Gradient Descent for Automated Deep Learning Design,"Eko Puji Laksono, Aji P Wibawa and M. Zainal Arifin (Universitas Negeri Malang, Indonesia); Usman Nurhasan (State Polytechnic of Malang, Indonesia); Mohammad Arifin (Universitas Madura, Indonesia)",13-Aug-26,2026 Ninth International Conference on Vocational Education and Electrical Engineering (ICVEE),17-18 September 2026,"Surabaya, Indonesia","Prof. Dr. Nurhayati, S.T., M.T.",General Chair
1571290388,accepted,Vocational Education Management Information System (VEMIS) Design,"Nathanael Sitanggang (Universitas Negeri medan, Indonesia); Arnita, Fanny Ramadhani and Putri Lynna Adelinna Luthan (Universitas Negeri Medan, Indonesia)",13-Aug-26,2026 Ninth International Conference on Vocational Education and Electrical Engineering (ICVEE),17-18 September 2026,"Surabaya, Indonesia","Prof. Dr. Nurhayati, S.T., M.T.",General Chair
1571290492,accepted,Performance Analysis and Optimization of Free Space Optical (FSO) Communication Systems in Severe Weather Conditions: A Study in Indonesia,"Jodhy Pradana, Miftadi Sudjai and Erna Sugesti (Telkom University, Indonesia)",13-Aug-26,2026 Ninth International Conference on Vocational Education and Electrical Engineering (ICVEE),17-18 September 2026,"Surabaya, Indonesia","Prof. Dr. Nurhayati, S.T., M.T.",General Chair
1571290818,accepted,An SDR-Based Communication System for Reliable Agricultural Data Transmission in Remote Areas,"Hendy Briantoro, Wahyu Pamungkas, Nilla Rachmaningrum and Muh Taufiq Nur Hidayat (Telkom University, Indonesia); Bima Pancara Haryono Putra (The University of Edinburgh, United Kingdom (Great Britain))",13-Aug-26,2026 Ninth International Conference on Vocational Education and Electrical Engineering (ICVEE),17-18 September 2026,"Surabaya, Indonesia","Prof. Dr. Nurhayati, S.T., M.T.",General Chair
1571291145,accepted,ERICA: An AI-Based Humanoid Robot for Early Intervention Therapy in Children with Autism Pervasive Development Disorder,"Puput Wanarti Rusimamto, Muhammad Syariffuddien Zuhrie, Vivi Kurnia Herviani, Afrizal Luthfi Eka Arnatha and Dwi Aqidah (Universitas Negeri Surabaya, Indonesia)",13-Aug-26,2026 Ninth International Conference on Vocational Education and Electrical Engineering (ICVEE),17-18 September 2026,"Surabaya, Indonesia","Prof. Dr. Nurhayati, S.T., M.T.",General Chair
1571291163,accepted,The Effectiveness of PLC-HMI Based Power Synchronization Simulation in Improving Vocational Students' Psychomotor Learning Outcomes,"Astri Kusuma Wardhani (Universitas Negeri Surabaya, Indonesia)",13-Aug-26,2026 Ninth International Conference on Vocational Education and Electrical Engineering (ICVEE),17-18 September 2026,"Surabaya, Indonesia","Prof. Dr. Nurhayati, S.T., M.T.",General Chair
1571291272,accepted,Segmentation Approach to Improve the Efficiency of Concept Map Reconstruction Activity for Reading Support,"Ridwan Rismanto, Galih P Riatma, Usman Nurhasan and Endah Septa Sintiya (State Polytechnic of Malang, Indonesia)",13-Aug-26,2026 Ninth International Conference on Vocational Education and Electrical Engineering (ICVEE),17-18 September 2026,"Surabaya, Indonesia","Prof. Dr. Nurhayati, S.T., M.T.",General Chair
1571291423,accepted,Author Name Disambiguation in Digital Libraries via Hybrid VAE-DNN for Imbalanced Pairwise Matching,"Hamid Rahman and Usman Ependi (Universitas Bina Darma, Indonesia)",13-Aug-26,2026 Ninth International Conference on Vocational Education and Electrical Engineering (ICVEE),17-18 September 2026,"Surabaya, Indonesia","Prof. Dr. Nurhayati, S.T., M.T.",General Chair
1571291625,accepted,SnakeSafe: Lightweight Deep Learning for Edge Native Venomous Snake Identification,"Dave Shanna Marie E. Gigawin, John Paul L. Ullegue, Maureen M Villamor and Leah O. Pelias (University of Southeastern Philippines, Philippines)",13-Aug-26,2026 Ninth International Conference on Vocational Education and Electrical Engineering (ICVEE),17-18 September 2026,"Surabaya, Indonesia","Prof. Dr. Nurhayati, S.T., M.T.",General Chair
1571291638,accepted,Omniflow: An AI-Native Modular ERP Ecosystem with Integrated Observability for Intelligent Enterprise Systems,"Eric Julianto (Universitas Esa Unggul, Indonesia); Dian Alhusari (Braincore Indonesia, Indonesia); Safrizal Ardana Ardiyansa (Brawijaya University, Indonesia); Nurhikam (Braincore Indonesia, Indonesia); Fauzan Ihza Fajar (Universitas Terbuka, Indonesia); Amalan Fadil Gaib, Rachel Marta Maria and Nurul Andini (Braincore Indonesia, Indonesia); Anggito Karta Wijaya (University of Jember, Indonesia); Rahmatullah R (University of Hasanuddin, Indonesia)",13-Aug-26,2026 Ninth International Conference on Vocational Education and Electrical Engineering (ICVEE),17-18 September 2026,"Surabaya, Indonesia","Prof. Dr. Nurhayati, S.T., M.T.",General Chair
1571291668,accepted,GPS-Based Telematics for Decision-Making and Coal Stockpile Management Optimization: A Case Study of Digital Transformation in Indonesian Thermal Power,"Annisya Diaz Chandradewi (Binus University, Indonesia)",13-Aug-26,2026 Ninth International Conference on Vocational Education and Electrical Engineering (ICVEE),17-18 September 2026,"Surabaya, Indonesia","Prof. Dr. Nurhayati, S.T., M.T.",General Chair
1571291739,accepted,Forecast-Driven Runoff Estimation and Community Flood Alert System for the Mainit River Using the SCS-CN Method,"Alexis Luke G Barlomento (Eastern Visayas State University Carigara Campus, Philippines); Deborah G Brosas (Eastern Visayas State University, Philippines); Kent Claire Apple Joy M Pallomina (Visayas State University AlangAlang, Philippines)",13-Aug-26,2026 Ninth International Conference on Vocational Education and Electrical Engineering (ICVEE),17-18 September 2026,"Surabaya, Indonesia","Prof. Dr. Nurhayati, S.T., M.T.",General Chair
1571291753,accepted,MgTiO3-CaTiO3/Epoxy Composite as a Novel Substrate for Microstrip Patch Antenna Design,"Nurfarhana Mustafa and Nur Sofia Idayu Didik Aprianto (Universiti Malaysia Pahang Al-Sultan Abdullah, Malaysia); Imadeldin Elsayed Elmutasim (Qatar); Nurhafizah Abu Talip Yusof (Universiti Malaysia Pahang Al-Sultan Abdullah, Malaysia & Centre for Sustainable Fluid Energy Research (Fluid Energy), Malaysia); Mohamad Shaiful Abdul Karim (Universiti Malaysia Pahang Al-Sultan Abdullah, Malaysia)",13-Aug-26,2026 Ninth International Conference on Vocational Education and Electrical Engineering (ICVEE),17-18 September 2026,"Surabaya, Indonesia","Prof. Dr. Nurhayati, S.T., M.T.",General Chair
1571291857,accepted,E-Commerce Customer Behavior Analysis Using Web Analytics and Data Mining Based on Business Intelligence,"I Kadek Dwi Nuryana and Friskila Amanda Sipahutar (Universitas Negeri Surabaya, Indonesia)",13-Aug-26,2026 Ninth International Conference on Vocational Education and Electrical Engineering (ICVEE),17-18 September 2026,"Surabaya, Indonesia","Prof. Dr. Nurhayati, S.T., M.T.",General Chair
1571291877,accepted,Development of Artificial Intelligence-Based Analytics System for Licensure Examination Performance: A Study on BTLED-IA and BTLED-HE Students at MSU-MCEST,"Vedlin A. Talorete, Jr (University of Southeastern Philippines, Mindanao State University - Maigo College of Education, Science and Technology); Maureen M Villamor (University of Southeastern Philippines, Philippines); Javer C. Borngo (MSU - Maigo College of Education, Science and Technology, Philippines & University of Southeastern Philippines, Philippines)",13-Aug-26,2026 Ninth International Conference on Vocational Education and Electrical Engineering (ICVEE),17-18 September 2026,"Surabaya, Indonesia","Prof. Dr. Nurhayati, S.T., M.T.",General Chair
1571291893,accepted,Comparing Q-Learning and Integer Linear Programming for Grid-Based Path Planning with Static Obstacles,"Cendra Devayana Putra (Universitas Negeri Surabaya, Indonesia & National Cheng Kung University, Taiwan); Bartolomeus Priya Perkasa Utama Widada (National Cheng Kung University, Taiwan); Pandu Dwi Luhur Pambudi (BINUS Online Learning, Bina Nusantara University, Indonesia & Bina Nusantara University, Indonesia); Berliana Devianti Putri (Universitas Airlangga, Indonesia); Erik Rahman (Universitas Negeri Surabaya, Indonesia)",13-Aug-26,2026 Ninth International Conference on Vocational Education and Electrical Engineering (ICVEE),17-18 September 2026,"Surabaya, Indonesia","Prof. Dr. Nurhayati, S.T., M.T.",General Chair
1571291935,accepted,Real-Time Location Monitoring System for Mountain Climbers Using GPS Tracker with LoRa-MQTT,"Fauziyah Wafa Abdillah, Aulia Istiqomah, Muhammad Irham Agil Kurniawan and Jatmiko Endro Suseno (Diponegoro University, Indonesia)",13-Aug-26,2026 Ninth International Conference on Vocational Education and Electrical Engineering (ICVEE),17-18 September 2026,"Surabaya, Indonesia","Prof. Dr. Nurhayati, S.T., M.T.",General Chair
1571292019,accepted,"Perceived Risk, Trust, and Behavioral Intention to Use Generative AI: An Empirical Study Among Information Systems Students","Erik Rahman, Muhammad Hakiki and Mohammad Wildan Habibi (Universitas Negeri Surabaya, Indonesia); Cendra Devayana Putra (Universitas Negeri Surabaya, Indonesia & National Cheng Kung University, Taiwan)",13-Aug-26,2026 Ninth International Conference on Vocational Education and Electrical Engineering (ICVEE),17-18 September 2026,"Surabaya, Indonesia","Prof. Dr. Nurhayati, S.T., M.T.",General Chair
1571292191,accepted,A Hybrid LSTM-DDPG Framework for Operating-Parameter Optimisation of a Two-Stage Transesterification Process,"Chardinal Butarbutar (Surabaya State University, Indonesia); Cendra Devayana Putra (Universitas Negeri Surabaya, Indonesia & National Cheng Kung University, Taiwan); Ikhsan Taipabu (Universitas Pattimura, Indonesia); Bartolomeus Priya Perkasa Utama Widada (National Cheng Kung University, Taiwan); Berliana Devianti Putri (Universitas Airlangga, Indonesia)",13-Aug-26,2026 Ninth International Conference on Vocational Education and Electrical Engineering (ICVEE),17-18 September 2026,"Surabaya, Indonesia","Prof. Dr. Nurhayati, S.T., M.T.",General Chair
1571292198,accepted,3D ResNet-50 for Brain Tumor MRI Classification: Glioma Grading on BraTS 2020 Dataset,"Abdur Rokhim (Universitas Negeri Surabaya, Indonesia); Hapsari Peni Agustin Tjahyaningtijas (Universitas Negeri Surabaya, Indonesia & Institut Teknologi Sepuluh Nopember, Indonesia); Lusia Rakhmawati (Universitas Negeri Surabaya, Indonesia); Cucun Very Angkoso and Arik Kurniawati (University of Trunojoyo Madura, Indonesia); I Ketut Eddy Purnama (Institut Teknologi Sepuluh Nopember, Indonesia)",13-Aug-26,2026 Ninth International Conference on Vocational Education and Electrical Engineering (ICVEE),17-18 September 2026,"Surabaya, Indonesia","Prof. Dr. Nurhayati, S.T., M.T.",General Chair
1571292256,accepted,Effectiveness of a Validated Solar Cell Training Tool in Renewable Energy Education: Impact on Student Engagement and Learning Motivation,"Aditya Alpha Theodore (Universitas Negeri Surabaya, Indonesia)",13-Aug-26,2026 Ninth International Conference on Vocational Education and Electrical Engineering (ICVEE),17-18 September 2026,"Surabaya, Indonesia","Prof. Dr. Nurhayati, S.T., M.T.",General Chair
1571292300,accepted,Design and Performance Evaluation of a Real-Time Dual-Sensor Alcohol Detection for Halal Beverage Verification,"Amanu Isdadan and Ahmad Fauzan Adziimaa (Institut Teknologi Sepuluh Nopember, Indonesia)",13-Aug-26,2026 Ninth International Conference on Vocational Education and Electrical Engineering (ICVEE),17-18 September 2026,"Surabaya, Indonesia","Prof. Dr. Nurhayati, S.T., M.T.",General Chair
1571292314,accepted,Implementation of Project-Based Learning Assisted by FEA 2D Frame to Support SDGs 4 in Static Determinate Structure Analysis Learning,"Muhammad Habib Alfian, Heri Suryaman and Muhammad Kris Yuan Hidayatulloh (Universitas Negeri Surabaya, Indonesia); Muhammad Adib Kurniawan (Politeknik Perkeretaapian Indonesia Madiun, Indonesia)",13-Aug-26,2026 Ninth International Conference on Vocational Education and Electrical Engineering (ICVEE),17-18 September 2026,"Surabaya, Indonesia","Prof. Dr. Nurhayati, S.T., M.T.",General Chair
1571292356,accepted,Wideband Single-Port Cavity-Backed T-Shaped Monopole Antenna for Sub-6 GHz 5G Indoor Base Station Applications,"Said Douhi (Université Hassan II de Casablanca, Morocco); Ahmed Jamal Abdullah Al-Gburi (Asia Pacific University, Jalan Teknologi,, Malaysia); Adil Eddiai (Faculté des sciences Ben M'sick, Université hassan II, Morocco)",13-Aug-26,2026 Ninth International Conference on Vocational Education and Electrical Engineering (ICVEE),17-18 September 2026,"Surabaya, Indonesia","Prof. Dr. Nurhayati, S.T., M.T.",General Chair
1571292389,accepted,Techno-Economic Feasibility of Sorghum Stalk Biomass Aggregation for Coal-Fired Power Plant Co-Firing in Indonesia,"Trassanda Scudetto Widestomo Putra (Institut Teknologi PLN, Indonesia); Eri Prabowo (Institut Teknologi Perusahaan Listrik Negara, Indonesia)",13-Aug-26,2026 Ninth International Conference on Vocational Education and Electrical Engineering (ICVEE),17-18 September 2026,"Surabaya, Indonesia","Prof. Dr. Nurhayati, S.T., M.T.",General Chair
1571292412,accepted,Optimizing Sustainable Performance Through Artificial Intelligence and Digital Literacy: An Analysis of the Moderating Role of Self-Confidence in Supporting SDG,"Muhammad Kris Yuan Hidayatulloh (Universitas Negeri Surabaya, Indonesia); Hilyah Ashoumi (Universitas KH. A. Wahab Hasbullah, Indonesia); Muhammad Habib Alfian (Universitas Negeri Surabaya, Indonesia); Omer CobanoÄźlu (Beihang University, China)",13-Aug-26,2026 Ninth International Conference on Vocational Education and Electrical Engineering (ICVEE),17-18 September 2026,"Surabaya, Indonesia","Prof. Dr. Nurhayati, S.T., M.T.",General Chair
1571292417,accepted,Will-Skill-Tool Determinants of Digital Technology Integration Behavior Among Vocational High School Teachers,"Muhammad Oka Ramadhan and Dedi Rohendi (Universitas Pendidikan Indonesia, Indonesia); Thomas Koehler (Technical University Dresden, Germany); Mustika Nuramalia Handayani and Ana (Universitas Pendidikan Indonesia, Indonesia)",13-Aug-26,2026 Ninth International Conference on Vocational Education and Electrical Engineering (ICVEE),17-18 September 2026,"Surabaya, Indonesia","Prof. Dr. Nurhayati, S.T., M.T.",General Chair
1571294926,accepted,Bio-Clinical BERT-Based Telemedicine System for Medical Diagnosis Classification and Procedure Recommendation in the Indonesian Healthcare Context,"Muhammad Andika Fadilla and Usman Ependi (Universitas Bina Darma, Indonesia)",13-Aug-26,2026 Ninth International Conference on Vocational Education and Electrical Engineering (ICVEE),17-18 September 2026,"Surabaya, Indonesia","Prof. Dr. Nurhayati, S.T., M.T.",General Chair
1571295664,accepted,Explaining Continuance Intention Toward GenAI for Academic Task: The Role of Task-Technology Fit and Satisfaction,"Anggraeni Widya Purwita, Sri Suryanti and Riza Akhsani Setyo Prayoga (Universitas Negeri Surabaya, Indonesia); Anisa Yunita Sari (Universitas Narotama, Indonesia); Mala Rosa Aprillya (Universitas Trunojoyo Madura, Indonesia); Ying Wang (Rajamangala University of Technology Krungthep, Thailand)",13-Aug-26,2026 Ninth International Conference on Vocational Education and Electrical Engineering (ICVEE),17-18 September 2026,"Surabaya, Indonesia","Prof. Dr. Nurhayati, S.T., M.T.",General Chair
1571295713,accepted,Mobile-Based Inventory Management Application Development for Oh!Some Using Scrum Method,"Muhamad Priadika Tribuwono, Mochamad Hakim Haiman, Gorga Hosa Deo and Riyan Leandros (Bina Nusantara University, Indonesia)",13-Aug-26,2026 Ninth International Conference on Vocational Education and Electrical Engineering (ICVEE),17-18 September 2026,"Surabaya, Indonesia","Prof. Dr. Nurhayati, S.T., M.T.",General Chair
1571296305,accepted,A Proposed Conceptual Model of Integrated Factors Influencing E-Government in Developing Countries: A TOEI Perspective,"Beny Prasetyo (Institut Teknologi Sepuluh Nopember, Indonesia & University of Jember, Indonesia); Siti Rochimah (Institut Teknologi Sepuluh Nopember Surabaya, Indonesia); Tony Dwi Susanto (ITS, Indonesia)",13-Aug-26,2026 Ninth International Conference on Vocational Education and Electrical Engineering (ICVEE),17-18 September 2026,"Surabaya, Indonesia","Prof. Dr. Nurhayati, S.T., M.T.",General Chair
1571296467,accepted,"Information Systems Management of Smart Mobility for Sustainable Public Transport in Surabaya, Indonesia","Deby Febriyan Eprilianto (Universitas Negeri Surabaya, Indonesia); Yuyun Eka Kartika Sari (Asia E University, Malaysia); Meirnawati Meirinawati, Indah Prabawati and Lisa Amelia Sari (Universitas Negeri Surabaya, Indonesia); Eni Febrianti (Universitas Padjadjaran, Indonesia)",13-Aug-26,2026 Ninth International Conference on Vocational Education and Electrical Engineering (ICVEE),17-18 September 2026,"Surabaya, Indonesia","Prof. Dr. Nurhayati, S.T., M.T.",General Chair
1571296538,accepted,Comparison of Spectral Clustering and K-Means Methods for Cluster Analysis of Tuberculosis Data in Indonesia,"A'yunin Sofro (Surabaya State University, Indonesia); Mayang Ariani Fitria Ananta (Universitas Negeri Surabaya, Indonesia); Khusnia Nurul Khikmah (Universitas Palangka Raya, Indonesia)",13-Aug-26,2026 Ninth International Conference on Vocational Education and Electrical Engineering (ICVEE),17-18 September 2026,"Surabaya, Indonesia","Prof. Dr. Nurhayati, S.T., M.T.",General Chair
1571296859,accepted,Reinforcement Learning-Based Tuning of LQR Weighting Matrices for Quadcopter Trajectory Tracking,"Yandhika Surya Akbar Gumilang (Universitas Negeri Surabaya, Indonesia); Suko Wiyanto (Universitas Brawijaya, Indonesia); Ali Nur Fathoni, Rifqi Firmansyah and Wahyu Sasongko Putro (Universitas Negeri Surabaya, Indonesia); Nur Fitria (Politeknik Negeri Bandung, Indonesia)",13-Aug-26,2026 Ninth International Conference on Vocational Education and Electrical Engineering (ICVEE),17-18 September 2026,"Surabaya, Indonesia","Prof. Dr. Nurhayati, S.T., M.T.",General Chair
1571297897,accepted,Development of Visual Novel Game as History Learning Medium Integrated with Digital Ethics,"Nanditya Vianti Putri (Sebelas Maret University, Indonesia); Febri Liantoni (Sebelas Maret University, Indonesia & Universitas Sebelas Maret, Indonesia); Cucuk Budiyanto (Universitas Sebelas Maret, Indonesia)",13-Aug-26,2026 Ninth International Conference on Vocational Education and Electrical Engineering (ICVEE),17-18 September 2026,"Surabaya, Indonesia","Prof. Dr. Nurhayati, S.T., M.T.",General Chair
1571298038,accepted,RAG-Based Automated Question Generation System for the Learning Management System Balai Diklat Keagamaan Denpasar,"I Gusti Ngurah Suariana (Institut Teknologi dan Bisnis Indonesia, Indonesia & Kementerian Agama, Indonesia); Aniek Suryanti Kusuma (Institut Bisnis dan Teknologi Indonesia, Indonesia); I Putu Agus Eka Darma Udayana (Institut Bisnis Dan Teknologi Indonesia, Indonesia & Universitas Udayana, Indonesia); Putu Sugiartawan (Indonesian Institute of Business and Technology, Indonesia & Informatics Engineering Study Program, Indonesia); Ni Wayan Sumartini Saraswati (Institut Bisnis dan Teknologi Indonesia, Indonesia); Kadek Gemilang Santiyuda (National Taiwan University of Science and Technology, Taiwan & Institut Bisnis Dan Teknologi Indonesia, Indonesia)",13-Aug-26,2026 Ninth International Conference on Vocational Education and Electrical Engineering (ICVEE),17-18 September 2026,"Surabaya, Indonesia","Prof. Dr. Nurhayati, S.T., M.T.",General Chair
1571298045,accepted,Deep Learning-Based Recommendation System for Career Path Prediction in Vocational Education,"Sugeng Hari Wibowo (INSTIKI, Indonesia); Aniek Suryanti Kusuma (Institut Bisnis dan Teknologi Indonesia, Indonesia); I Putu Agus Eka Darma Udayana (Institut Bisnis Dan Teknologi Indonesia, Indonesia & Universitas Udayana, Indonesia); Putu Sugiartawan (Indonesian Institute of Business and Technology, Indonesia & Informatics Engineering Study Program, Indonesia); Ni Wayan Sumartini Saraswati (Institut Bisnis dan Teknologi Indonesia, Indonesia); Kadek Gemilang Santiyuda (National Taiwan University of Science and Technology, Taiwan & Institut Bisnis Dan Teknologi Indonesia, Indonesia)",13-Aug-26,2026 Ninth International Conference on Vocational Education and Electrical Engineering (ICVEE),17-18 September 2026,"Surabaya, Indonesia","Prof. Dr. Nurhayati, S.T., M.T.",General Chair
1571298209,accepted,Hyperparameter XGBoost-Based Recommendation System for Student Disciplinary Intervention,"Sugito O (Instiki, Indonesia); Aniek Suryanti Kusuma (Institut Bisnis dan Teknologi Indonesia, Indonesia); Kadek Gemilang Santiyuda (National Taiwan University of Science and Technology, Taiwan & Institut Bisnis Dan Teknologi Indonesia, Indonesia); I Putu Agus Eka Darma Udayana (Institut Bisnis Dan Teknologi Indonesia, Indonesia & Universitas Udayana, Indonesia); Putu Sugiartawan (Indonesian Institute of Business and Technology, Indonesia & Informatics Engineering Study Program, Indonesia); Ni Wayan Sumartini Saraswati (Institut Bisnis dan Teknologi Indonesia, Indonesia)",13-Aug-26,2026 Ninth International Conference on Vocational Education and Electrical Engineering (ICVEE),17-18 September 2026,"Surabaya, Indonesia","Prof. Dr. Nurhayati, S.T., M.T.",General Chair
1571298211,accepted,Explainable Machine Learning-Based Competency Gap Analysis for Predicting Workforce Readiness of Electrical Engineering Education Graduates,"Ali Nur Fathoni, Alfredo Arianto Permana Putra and Inaya Retno Putri (Universitas Negeri Surabaya, Indonesia); Khusnul Khotimah (Universita Negeri Surabaya, Indonesia); L Endah Cahya Ningrum and Ismet Basuki (Universitas Negeri Surabaya, Indonesia); Subuh Haryudo (State University of Surabaya, Indonesia); Yuli Sutoto Nugroho (Queen Mary University of London, United Kingdom (Great Britain) & Universitas Negeri Surabaya, Indonesia)",13-Aug-26,2026 Ninth International Conference on Vocational Education and Electrical Engineering (ICVEE),17-18 September 2026,"Surabaya, Indonesia","Prof. Dr. Nurhayati, S.T., M.T.",General Chair
1571298278,accepted,CLAHE-Enhanced YOLO Models for Crowd Counting Under Sunset Illumination in Beach Club Surveillance,"I Gusti Bagus Wiraditya (INSTIKI, Indonesia); Putu Sugiartawan (Indonesian Institute of Business and Technology, Indonesia & Informatics Engineering Study Program, Indonesia); Kadek Gemilang Santiyuda (National Taiwan University of Science and Technology, Taiwan & Institut Bisnis Dan Teknologi Indonesia, Indonesia); Aniek Suryanti Kusuma and Ni Wayan Sumartini Saraswati (Institut Bisnis dan Teknologi Indonesia, Indonesia); I Putu Agus Eka Darma Udayana (Institut Bisnis Dan Teknologi Indonesia, Indonesia & Universitas Udayana, Indonesia)",13-Aug-26,2026 Ninth International Conference on Vocational Education and Electrical Engineering (ICVEE),17-18 September 2026,"Surabaya, Indonesia","Prof. Dr. Nurhayati, S.T., M.T.",General Chair
1571298336,accepted,Smart IoT-Based Overcurrent and Overheat Protection System for Flat-Die Pellet Machine Using DC Motor Simulation,"I Made Kurniawan Putra (Institut Teknologi dan Bisnis Indonesia, Indonesia & BMKG, Indonesia); Aniek Suryanti Kusuma (Institut Bisnis dan Teknologi Indonesia, Indonesia); I Putu Agus Eka Darma Udayana (Institut Bisnis Dan Teknologi Indonesia, Indonesia & Universitas Udayana, Indonesia); Putu Sugiartawan (Indonesian Institute of Business and Technology, Indonesia & Informatics Engineering Study Program, Indonesia); Ni Wayan Sumartini Saraswati (Institut Bisnis dan Teknologi Indonesia, Indonesia); Kadek Gemilang Santiyuda (National Taiwan University of Science and Technology, Taiwan & Institut Bisnis Dan Teknologi Indonesia, Indonesia)",13-Aug-26,2026 Ninth International Conference on Vocational Education and Electrical Engineering (ICVEE),17-18 September 2026,"Surabaya, Indonesia","Prof. Dr. Nurhayati, S.T., M.T.",General Chair
1571298391,accepted,Odoo-Based Enterprise Resource Planning Implementation for Sales Management: A Quickstart Method Approach,"Titus Kristanto (Institut Teknologi Sepuluh Nopember, Indonesia & Telkom University, Indonesia); Cita Lentera Liagum Putri (Telkom University Surabaya, Indonesia); Krisnayanti Aditasari (Universitas Telkom, Indonesia)",13-Aug-26,2026 Ninth International Conference on Vocational Education and Electrical Engineering (ICVEE),17-18 September 2026,"Surabaya, Indonesia","Prof. Dr. Nurhayati, S.T., M.T.",General Chair
1571298458,accepted,RAG for Automatic Scoring of Concept-Map Propositions: A Pilot Study on Explanation Grounding and Retrieval Quality,"Maskur, Didik Dwi Prasetya and Triyanna Widiyaningtyas (Universitas Negeri Malang, Indonesia); Wan Mohd Nasir Wan Kadir (Universiti Teknologi Malaysia, Malaysia)",13-Aug-26,2026 Ninth International Conference on Vocational Education and Electrical Engineering (ICVEE),17-18 September 2026,"Surabaya, Indonesia","Prof. Dr. Nurhayati, S.T., M.T.",General Chair
1571298491,accepted,"Moringa Leaf Quality Classification Using XGBoost, Random Forest, and Support Vector Machine","I Gusti Ngurah Hendra Frasetya (Institut Bisnis dan Teknologi Indonesia, Indonesia); Putu Sugiartawan (Indonesian Institute of Business and Technology, Indonesia & Informatics Engineering Study Program, Indonesia); Ngakan Putu Darma Yasa (Institut Bisnis dan Teknologi Indonesia, Indonesia); I Putu Agus Eka Darma Udayana (Institut Bisnis Dan Teknologi Indonesia, Indonesia & Universitas Udayana, Indonesia); Ni Wayan Sumartini Saraswati and I Dewa Ayu Sri Murdhani (Institut Bisnis dan Teknologi Indonesia, Indonesia)",13-Aug-26,2026 Ninth International Conference on Vocational Education and Electrical Engineering (ICVEE),17-18 September 2026,"Surabaya, Indonesia","Prof. Dr. Nurhayati, S.T., M.T.",General Chair
1571298535,accepted,Classification of Karangasem Snake Fruit Types Based on Digital Images Using MobileNetV2 Transfer Learning,"I Wayan Sumarno (Institut Bisnis dan Teknologi Indonesia, Indonesia)",13-Aug-26,2026 Ninth International Conference on Vocational Education and Electrical Engineering (ICVEE),17-18 September 2026,"Surabaya, Indonesia","Prof. Dr. Nurhayati, S.T., M.T.",General Chair
1571298550,accepted,Analysis of the Role of Generative AI in Enhancing Human-in-the-Loop-Based Customer Service Communication,"I Gusti Ngurah Bagus Widiatmika (INSTIKI, Indonesia); Putu Sugiartawan (Indonesian Institute of Business and Technology, Indonesia & Informatics Engineering Study Program, Indonesia); I Putu Agus Eka Darma Udayana (Institut Bisnis Dan Teknologi Indonesia, Indonesia & Universitas Udayana, Indonesia)",13-Aug-26,2026 Ninth International Conference on Vocational Education and Electrical Engineering (ICVEE),17-18 September 2026,"Surabaya, Indonesia","Prof. Dr. Nurhayati, S.T., M.T.",General Chair
1571298558,accepted,Sensitivity Evaluation of k-Values in Outlier-Aware k-Means and k-NN Algorithms for Network Intrusion Anomaly Identification,"Anisa Dzulkarnain and Mochamad Nizar Palefi Ma'ady (Telkom University, Indonesia); Arip Ramadan (Universitas Telkom, Indonesia); Berlian Rahmy Lidiawaty (Telkom University, Indonesia & Institut Teknologi Telkom Surabaya, Indonesia)",13-Aug-26,2026 Ninth International Conference on Vocational Education and Electrical Engineering (ICVEE),17-18 September 2026,"Surabaya, Indonesia","Prof. Dr. Nurhayati, S.T., M.T.",General Chair
1571298670,accepted,Sea Hunter Amerta 1 Firefighter Autonomous Surface Vehicle as Maritime Technology for Ship Fire Accident Evacuation Using YOLOv11,"Parama Diptya Widayaka, Sayyidul Aulia Alamsyah, Yandhika Surya Akbar Gumilang, Rifqi Firmansyah, Muhammad Rizqi Firjatullah Al-Azizi, Mulia Niko Adi Prasojo and Aleminaitha Kerina Beru Ginting (Universitas Negeri Surabaya, Indonesia)",13-Aug-26,2026 Ninth International Conference on Vocational Education and Electrical Engineering (ICVEE),17-18 September 2026,"Surabaya, Indonesia","Prof. Dr. Nurhayati, S.T., M.T.",General Chair
1571298839,accepted,Random Phase Pre-Coding for Quantization Lobe Suppression in Passive 1-Bit Programmable RIS,"Safpbri Johari (Politeknik Ungku Omar, Malaysia); Azuwa Ali and Mohd Najib Mohd Yasin (Universiti Malaysia Perlis, Malaysia); Nurhayati (Universitas Negeri Surabaya, Indonesia); Arif Mawardi Ismail (Universiti Malaysia Perlis (UniMAP), Malaysia); Ismahayati Adam (Universiti Malaysia Perlis, Malaysia); Unit Three Kartini (State University Of Surabaya, Indonesia); Mohd Amirul Helmi Ismail (Politeknik Tuanku Syed Sirajuddin, Malaysia)",13-Aug-26,2026 Ninth International Conference on Vocational Education and Electrical Engineering (ICVEE),17-18 September 2026,"Surabaya, Indonesia","Prof. Dr. Nurhayati, S.T., M.T.",General Chair
1571298976,accepted,Attention-Enhanced Multi-Output LSTM for Multi-Aspect Sentiment Understanding in Indonesian Fashion Marketplace,"Fajar Romadhan (Universitas Bina Darma, Indonesia); Ari Muzakir (Universitas Bina Darma, Indonesia & Universitas Diponegoro, Indonesia); Usman Ependi and Andri (Universitas Bina Darma, Indonesia)",13-Aug-26,2026 Ninth International Conference on Vocational Education and Electrical Engineering (ICVEE),17-18 September 2026,"Surabaya, Indonesia","Prof. Dr. Nurhayati, S.T., M.T.",General Chair
1571299336,accepted,Enhanced Moringa Leaf Quality Classification Using Vision Transformer and GAN-Based Data Augmentation,"Selvisiana Karmilan (Institut Bisnis dan Teknologi Indonesia, Indonesia); Putu Sugiartawan (Indonesian Institute of Business and Technology, Indonesia & Informatics Engineering Study Program, Indonesia); Ketut Sepdyana Kartini (Institut Bisnis dan Teknologi Indonesia, Indonesia); Putu Wirayudi Aditama (Indonesian Institute of Business and Technology, Indonesia); Ayu Gede Willdahlia (Institut Bisnis Dan Teknologi Indonesia, Indonesia); I Dewa Ayu Sri Murdhani (Institut Bisnis dan Teknologi Indonesia, Indonesia)",13-Aug-26,2026 Ninth International Conference on Vocational Education and Electrical Engineering (ICVEE),17-18 September 2026,"Surabaya, Indonesia","Prof. Dr. Nurhayati, S.T., M.T.",General Chair
1571300264,accepted,Analysis of Entrepreneurial Intention Among Students Using the Resource-Based View Theory,"Abdullah Billman (Bina Nusantara University, Indonesia & Raffles University Iskandar, Malaysia); Choi Sang Long Choi Sang Long (Raffles University, Malaysia); Chandra Restu Pradipto (Bina Nusantara University, Indonesia); Isanawikrama (Binus University & Yayasan Bina Nusantara, Indonesia); Aloysius Bernanda Gunawan (Bina Nusantara University, Indonesia); Bambang Pratama (Business Law & BINUS University, Indonesia)",13-Aug-26,2026 Ninth International Conference on Vocational Education and Electrical Engineering (ICVEE),17-18 September 2026,"Surabaya, Indonesia","Prof. Dr. Nurhayati, S.T., M.T.",General Chair
1571300636,accepted,A Novel Nonlinear Controller for Medical Furnace Temperature Control,"Layla Hattim Abood (University of Technology, Iraq); Mustafa Q. Ali (University of Baghdad, Iraq); Marwa F Jassim (University of Technology- Iraq, Iraq)",13-Aug-26,2026 Ninth International Conference on Vocational Education and Electrical Engineering (ICVEE),17-18 September 2026,"Surabaya, Indonesia","Prof. Dr. Nurhayati, S.T., M.T.",General Chair
1571300706,accepted,Advanced Control of PV-Cascade Boost DC-DC and Three-Leg Single-Phase Inverter Using Double-Loop Control,"Albertus Andika Tri Anggoro and Leonardus Heru Pratomo (Soegijapranata Catholic University, Indonesia)",13-Aug-26,2026 Ninth International Conference on Vocational Education and Electrical Engineering (ICVEE),17-18 September 2026,"Surabaya, Indonesia","Prof. Dr. Nurhayati, S.T., M.T.",General Chair
1571301191,accepted,Predicting Students' Behavioral Intention to Adopt Generative AI Tools: Evidence from an Indonesian Higher Education Context,"Ayu Gede Willdahlia (Institut Bisnis Dan Teknologi Indonesia, Indonesia); Desak Made Dwi Utami Putra (Institut Bisnis dan Teknologi Indonesia, Indonesia); Anak Agung Gde Ekayana (Institut Bisnis Dan Teknologi Indonesia (INSTIKI), Indonesia); Aniek Suryanti Kusuma (Institut Bisnis dan Teknologi Indonesia, Indonesia); Komang Kurniawan Widiartha (Institut Bisnis dan teknologi Indonesia, Indonesia)",13-Aug-26,2026 Ninth International Conference on Vocational Education and Electrical Engineering (ICVEE),17-18 September 2026,"Surabaya, Indonesia","Prof. Dr. Nurhayati, S.T., M.T.",General Chair
1571301987,accepted,Development of Contextual Teaching and Learning-Based Robotics Learning Devices for Vocational Education,"Muhammad Syariffuddien Zuhrie, Agus Wiyono, Fendi Achmad, Dwi Aqidah and Afrizal Luthfi Eka Arnatha (Universitas Negeri Surabaya, Indonesia); Muhammad Nawwarudin (State University of Surabaya, Indonesia)",13-Aug-26,2026 Ninth International Conference on Vocational Education and Electrical Engineering (ICVEE),17-18 September 2026,"Surabaya, Indonesia","Prof. Dr. Nurhayati, S.T., M.T.",General Chair
1571303126,accepted,Design and Evaluation of an IoT-Based EMG Monitoring System for Contraction Level Classification,"Erika Loniza and Nadya Ananda Melia (Universitas Muhammadiyah Yogyakarta, Indonesia); Kurnia Chairunnisa (Muhammadiyah University of Yogyakarta, Indonesia); Intan Mutiara Putri (Universitas Aisyiyah Yogyakarta, Indonesia); Wiwik Puspita Dewi (ITS PKU Muhammadiyah Surakarta, Indonesia); Hanifah Rahmi Fajrin (Universitas Muhammadiyah Yogyakarta, Indonesia)",13-Aug-26,2026 Ninth International Conference on Vocational Education and Electrical Engineering (ICVEE),17-18 September 2026,"Surabaya, Indonesia","Prof. Dr. Nurhayati, S.T., M.T.",General Chair
1571304164,accepted,Identification of Students Learning Styles in Digital Environments: A Systematic Review of Kolb's Model,"Aditya Sheva Pratama (Sebelas Maret University, Indonesia); Febri Liantoni (Sebelas Maret University, Indonesia & Universitas Sebelas Maret, Indonesia)",13-Aug-26,2026 Ninth International Conference on Vocational Education and Electrical Engineering (ICVEE),17-18 September 2026,"Surabaya, Indonesia","Prof. Dr. Nurhayati, S.T., M.T.",General Chair
1571304167,accepted,Implementation and Performance Evaluation of Rule-Based Systems in Educational Assessment,"Muhammad Fahry Ali (Sebelas Maret University, Indonesia); Febri Liantoni (Sebelas Maret University, Indonesia & Universitas Sebelas Maret, Indonesia)",13-Aug-26,2026 Ninth International Conference on Vocational Education and Electrical Engineering (ICVEE),17-18 September 2026,"Surabaya, Indonesia","Prof. Dr. Nurhayati, S.T., M.T.",General Chair
1571304299,accepted,ANFIS-Based Rotational Speed Control of an Oil-Draining Spinner for Banana Chips,"Pungky Alvina Prasistya, Putri Y Aisyah, Akhmad Ibnu Hija, Muhammad Roy Ashiddiqi and Shintyana Dewi (Institut Teknologi Sepuluh Nopember, Indonesia)",13-Aug-26,2026 Ninth International Conference on Vocational Education and Electrical Engineering (ICVEE),17-18 September 2026,"Surabaya, Indonesia","Prof. Dr. Nurhayati, S.T., M.T.",General Chair
1571304412,accepted,Parametric Analysis of Dielectric Loss in Pineapple Leaf Fiber Composites for RF Applications,"Siti Nur Hidayah Zamri and Mohamad Shaiful Abdul Karim (Universiti Malaysia Pahang Al-Sultan Abdullah, Malaysia); Hepi Ludiyati (Politeknik Negeri Bandung (POLBAN), Indonesia); Nurhafizah Abu Talip Yusof (Universiti Malaysia Pahang Al-Sultan Abdullah, Malaysia & Centre for Sustainable Fluid Energy Research (Fluid Energy), Malaysia)",13-Aug-26,2026 Ninth International Conference on Vocational Education and Electrical Engineering (ICVEE),17-18 September 2026,"Surabaya, Indonesia","Prof. Dr. Nurhayati, S.T., M.T.",General Chair
1571304421,accepted,Machine Learning Based Sentiment Analysis for Islamic Banking Service Monitoring,"Ramdani (State University of Surabaya, Indonesia); Moch. Khoirul Anwar (Universitas Negeri Surabaya, Indonesia); Clarashinta Canggih (Universitas Negeri Surabaya & Universitas Airlangga, Indonesia); Yan Putra Timur (Universitas Negeri Surabaya, Indonesia); Alfin Maulana and Anisa Fadilah Zustika (State University of Surabaya, Indonesia)",13-Aug-26,2026 Ninth International Conference on Vocational Education and Electrical Engineering (ICVEE),17-18 September 2026,"Surabaya, Indonesia","Prof. Dr. Nurhayati, S.T., M.T.",General Chair
1571304705,accepted,Voltage-Mode Second-Order VCII-Based Universal Filter with Independent Controllability of Gain-Quality Factor and Pole Frequency,"Burin Theppota (KMUTNB, Thailand); Winai Jaikla (King Mongkut' Institute of Technology, Lat Krabang, Thailand); Montree Siripruchyanun (King Mongkut University of Technology North Bangkok, Thailand)",13-Aug-26,2026 Ninth International Conference on Vocational Education and Electrical Engineering (ICVEE),17-18 September 2026,"Surabaya, Indonesia","Prof. Dr. Nurhayati, S.T., M.T.",General Chair
1571304827,accepted,Reimagining Engineering Education Through a Narrative-Driven Pedagogical Framework: Panj-Ganj Mode,"Parham Karimi and Roghayeh Gavagsaz-Ghoachani (Shahid Beheshti University, Iran); Matheepot Phattanasak (King Mongkut's University of Technology North Bangkok, Thailand); Serge Pierfederici (Université de Lorraine, France)",13-Aug-26,2026 Ninth International Conference on Vocational Education and Electrical Engineering (ICVEE),17-18 September 2026,"Surabaya, Indonesia","Prof. Dr. Nurhayati, S.T., M.T.",General Chair
1571305122,accepted,Design and Implementation of a Three-Phase Buck Chopper with Phase Leg Independent Current Regulation for Synchronous Generator Excitation,"Putri Christianti Harefa and Leonardus Heru Pratomo (Soegijapranata Catholic University, Indonesia)",13-Aug-26,2026 Ninth International Conference on Vocational Education and Electrical Engineering (ICVEE),17-18 September 2026,"Surabaya, Indonesia","Prof. Dr. Nurhayati, S.T., M.T.",General Chair
1571305134,accepted,Comparative Analysis of YOLOv11 and MobileNetV3 with Bayesian Optimization for Balinese Character Recognition on Lontar Manuscript,"I Putu Agus Eka Darma Udayana (Institut Bisnis Dan Teknologi Indonesia, Indonesia & Universitas Udayana, Indonesia); Putu Ayu Febyanti (Institut Bisnis dan Teknologi Indonesia, Indonesia); I Putu Raditya Maheswara (Institut Bisnis Dan Teknologi Indonesia, Indonesia)",13-Aug-26,2026 Ninth International Conference on Vocational Education and Electrical Engineering (ICVEE),17-18 September 2026,"Surabaya, Indonesia","Prof. Dr. Nurhayati, S.T., M.T.",General Chair
1571305135,accepted,MechSim Laboratory: An Interactive Digital Learning Platform for Chassis Technology in Mechanical Engineering Education,"Muamar Zainul Arif, Yudha Bima Herlambang, Ahmad Zulkifli Baihaqi, Djoko Suwito, M.Pd., Theodorus Wijayanto and Rafi Haidar Rifaldo (Universitas Negeri Surabaya, Indonesia)",13-Aug-26,2026 Ninth International Conference on Vocational Education and Electrical Engineering (ICVEE),17-18 September 2026,"Surabaya, Indonesia","Prof. Dr. Nurhayati, S.T., M.T.",General Chair
1571305199,accepted,Hybrid Ground Truth from Multi-Algorithm Consensus for Annotation-Efficient Carotid Ultrasound Segmentation,"Mifta Nur Farid (Institut Teknologi Kalimantan, Indonesia); Tri Sardjono and Hendra Kusuma (Institut Teknologi Sepuluh Nopember, Indonesia); Thomas Statheros and Vasile Palade (Coventry University, United Kingdom (Great Britain))",13-Aug-26,2026 Ninth International Conference on Vocational Education and Electrical Engineering (ICVEE),17-18 September 2026,"Surabaya, Indonesia","Prof. Dr. Nurhayati, S.T., M.T.",General Chair
1571305278,accepted,Performance Comparison of Classical and Modern RAG Approaches in Multimodal-Based Academic Chatbots,"Yuni Yamasari (Universitas Negeri Surabaya, Indonesia & Post graduate, Indonesia); Kartika Wulandari, I Made Suartana, Agus Prihanto, Ricky Eka Putra and Anita Qoiriah (Universitas Negeri Surabaya, Indonesia)",13-Aug-26,2026 Ninth International Conference on Vocational Education and Electrical Engineering (ICVEE),17-18 September 2026,"Surabaya, Indonesia","Prof. Dr. Nurhayati, S.T., M.T.",General Chair
1571305279,accepted,"A Construction-Based Multisensory Method for Teaching Boost Converter Topology, Equations, and Simulink Models","Saman Pirehbabi, Fatemeh Zaker-Moghaddam and Roghayeh Gavagsaz-Ghoachani (Shahid Beheshti University, Iran); Matheepot Phattanasak (King Mongkut's University of Technology North Bangkok, Thailand); Serge Pierfederici (Université de Lorraine, France)",13-Aug-26,2026 Ninth International Conference on Vocational Education and Electrical Engineering (ICVEE),17-18 September 2026,"Surabaya, Indonesia","Prof. Dr. Nurhayati, S.T., M.T.",General Chair
1571305316,accepted,Neutral Current Analysis in Three-Phase Four-Wire Systems with Shunt Active Power Filtering Under Non-Linear Loads,"Hastupara Amurwojakti (Soegijapranata Catholic University (SCU), Indonesia); Slamet Riyadi (Soegijapranata Catholic University, Indonesia)",13-Aug-26,2026 Ninth International Conference on Vocational Education and Electrical Engineering (ICVEE),17-18 September 2026,"Surabaya, Indonesia","Prof. Dr. Nurhayati, S.T., M.T.",General Chair
1571305337,accepted,Confidence-Based Pseudo-Labeling IndoBERT for Aspect-Based Sentiment Analysis of Indonesian Fashion Reviews,"Alya Esa Mentari (Universitas Bina Darma, Indonesia); Ari Muzakir (Universitas Bina Darma, Indonesia & Universitas Diponegoro, Indonesia); Edi Surya Negara and Megawaty (Universitas Bina Darma, Indonesia)",13-Aug-26,2026 Ninth International Conference on Vocational Education and Electrical Engineering (ICVEE),17-18 September 2026,"Surabaya, Indonesia","Prof. Dr. Nurhayati, S.T., M.T.",General Chair
1571305354,accepted,A Comparative Analysis of StandardScaler and MinMaxScaler Normalization for Deep Neural Network-Based Dengue Fever Classification,"Ramadhani Vanva Fauzia and Mochamad Nizar Palefi Ma'ady (Telkom University, Indonesia); Berlian Rahmy Lidiawaty (Telkom University, Indonesia & Institut Teknologi Telkom Surabaya, Indonesia)",13-Aug-26,2026 Ninth International Conference on Vocational Education and Electrical Engineering (ICVEE),17-18 September 2026,"Surabaya, Indonesia","Prof. Dr. Nurhayati, S.T., M.T.",General Chair
1571305360,accepted,A Comparative Study of Reinforcement Learning-Based Daily and Time-Series PPO Agents for Raw Coffee Bean Inventory Management,"Stephanie Debora Assa and Mochamad Nizar Palefi Ma'ady (Telkom University, Indonesia); Berlian Rahmy Lidiawaty (Telkom University, Indonesia & Institut Teknologi Telkom Surabaya, Indonesia)",13-Aug-26,2026 Ninth International Conference on Vocational Education and Electrical Engineering (ICVEE),17-18 September 2026,"Surabaya, Indonesia","Prof. Dr. Nurhayati, S.T., M.T.",General Chair
1571305396,accepted,When Intelligent Assistance Becomes Academic Strain: Psychological Pathways Among Engineering Students in AI-Assisted Learning,"Bima Yatna Anugerah Ramadhani (Universitas Negeri Surabaya, Indonesia & National Research University Higher School of Economics, Russia); Ratna Suhartini (Universitas Negeri Surabaya, Indonesia); Umi Aslamiyah (Universitas Ciputra, Indonesia); Januar Nur Rohmah Suprihartini (Politeknik Negeri Indramayu, Indonesia); Yasmine Mnassri (Lobachevsky State University, Russia)",13-Aug-26,2026 Ninth International Conference on Vocational Education and Electrical Engineering (ICVEE),17-18 September 2026,"Surabaya, Indonesia","Prof. Dr. Nurhayati, S.T., M.T.",General Chair
1571305460,accepted,SkinMatch: A Wide & Deep Learning Recommender Enhanced with Factorization Machines for Personalized Skincare Product Recommendation,"Ervin Yohannes (State University of Surabaya, Indonesia)",13-Aug-26,2026 Ninth International Conference on Vocational Education and Electrical Engineering (ICVEE),17-18 September 2026,"Surabaya, Indonesia","Prof. Dr. Nurhayati, S.T., M.T.",General Chair
1571305741,accepted,CL-AdaViT: Characterizing Failure Modes of Closed-Loop Adaptive Token Selection for Limited-Data Face Verification,"Juris Vassa Ivandro (Universitas Jember, Indonesia); Mohamad Agung Prawira Negara and Bayu Taruna WIdjaja Putra (University of Jember, Indonesia)",13-Aug-26,2026 Ninth International Conference on Vocational Education and Electrical Engineering (ICVEE),17-18 September 2026,"Surabaya, Indonesia","Prof. Dr. Nurhayati, S.T., M.T.",General Chair
1571305865,accepted,Redesigning a Legacy University Dashboard Using Design Thinking to Support Real-Time Institutional Decision Making,"Rindu Wibawa (State University of Surabaya, Indonesia); I Gusti Lanang Putra Eka Prismana (Universitas Negeri Surabaya, Indonesia); Yeni Anistyasari (State University of Surabaya, Indonesia)",13-Aug-26,2026 Ninth International Conference on Vocational Education and Electrical Engineering (ICVEE),17-18 September 2026,"Surabaya, Indonesia","Prof. Dr. Nurhayati, S.T., M.T.",General Chair
1571305916,accepted,"Exploring Personalization, Feedback Mechanisms, and Global Research Trends of Artificial Intelligence in Vocational Education Assessment","Dwi Fitria Al Husaeni, Amay Suherman and Budi Mulyanti (Universitas Pendidikan Indonesia, Indonesia); Ade Abdullah (Indonesia University of Education, Indonesia); Lala Septem Riza (Universitas Pendidikan Indonesia & Universidad de Granada, Indonesia); Eki Nugraha (Universitas Pendidikan Indonesia, Indonesia)",13-Aug-26,2026 Ninth International Conference on Vocational Education and Electrical Engineering (ICVEE),17-18 September 2026,"Surabaya, Indonesia","Prof. Dr. Nurhayati, S.T., M.T.",General Chair
1571305984,accepted,A Smart IoT-Based System for Automated Nutritional Status Assessment in Toddlers Using Anthropometric Measurements,"Ully Dhiya Marina, Pradini Puspitaningayu, Muhammad 'Aamir Nashrullah and Shafa Dyah Ayu Zahra (Universitas Negeri Surabaya, Indonesia)",13-Aug-26,2026 Ninth International Conference on Vocational Education and Electrical Engineering (ICVEE),17-18 September 2026,"Surabaya, Indonesia","Prof. Dr. Nurhayati, S.T., M.T.",General Chair
1571306241,accepted,STB-MING: Low-Cost Edge IoT Platform for Real-Time Plant Electrophysiological Signal Acquisition,"Rais Nurwahyudin (Universitas Jember, Indonesia); Khairul Anam (University of Jember, Indonesia); Saiful Bukhori (Universitas Jember, Indonesia)",13-Aug-26,2026 Ninth International Conference on Vocational Education and Electrical Engineering (ICVEE),17-18 September 2026,"Surabaya, Indonesia","Prof. Dr. Nurhayati, S.T., M.T.",General Chair
1571306264,accepted,Comparative Analysis of Passive and Active Cooling Technologies for Photovoltaic Module Thermal Management and Power Output Optimization,"Muhammad Raya Maulana (University of Jember, Indonesia & UNEJ, Indonesia); Triwahju Hardianto and Bambang Sujanarko (University of Jember, Indonesia)",13-Aug-26,2026 Ninth International Conference on Vocational Education and Electrical Engineering (ICVEE),17-18 September 2026,"Surabaya, Indonesia","Prof. Dr. Nurhayati, S.T., M.T.",General Chair
1571306277,accepted,Development of Cognitive Load-Based 2D Animated Multimedia to Improve Learning Efficiency,"Desak Made Dwi Utami Putra and Aniek Suryanti Kusuma (Institut Bisnis dan Teknologi Indonesia, Indonesia); Anak Agung Gde Ekayana (Institut Bisnis Dan Teknologi Indonesia (INSTIKI), Indonesia); Ayu Gede Willdahlia (Institut Bisnis Dan Teknologi Indonesia, Indonesia); I Made Adi Surya Natha (Institut Bisnis & Teknologi Indonesia, Indonesia)",13-Aug-26,2026 Ninth International Conference on Vocational Education and Electrical Engineering (ICVEE),17-18 September 2026,"Surabaya, Indonesia","Prof. Dr. Nurhayati, S.T., M.T.",General Chair
1571306279,accepted,Predicting Students' Behavioral Intention to Adopt Generative AI Tools: Evidence from an Indonesian Higher Education Context,"Ayu Gede Willdahlia (Institut Bisnis Dan Teknologi Indonesia, Indonesia); Desak Made Dwi Utami Putra (Institut Bisnis dan Teknologi Indonesia, Indonesia); Anak Agung Gde Ekayana (Institut Bisnis Dan Teknologi Indonesia (INSTIKI), Indonesia); Aniek Suryanti Kusuma (Institut Bisnis dan Teknologi Indonesia, Indonesia); Komang Kurniawan Widiartha (Institut Bisnis dan teknologi Indonesia, Indonesia)",13-Aug-26,2026 Ninth International Conference on Vocational Education and Electrical Engineering (ICVEE),17-18 September 2026,"Surabaya, Indonesia","Prof. Dr. Nurhayati, S.T., M.T.",General Chair
1571306608,accepted,Development of an Artificial Intelligence-Based Animal Feed Formulation Application as an Effort to Reduce Animal Manure Waste,"Ramadhan Cakra Wibawa, Nur Kholis Wakhid, Yudha Bima Herlambang, Ahmad Zulkifli Baihaqi, Cahya Dwi Rahmawati, Harun Al Rosyid and Anggraeni Widya Purwita (Universitas Negeri Surabaya, Indonesia)",13-Aug-26,2026 Ninth International Conference on Vocational Education and Electrical Engineering (ICVEE),17-18 September 2026,"Surabaya, Indonesia","Prof. Dr. Nurhayati, S.T., M.T.",General Chair
1571306612,accepted,Deep Learning App Development to Detect Plant Diseases in Indonesian Agriculture,"Ardhini Warih Utami and Muhammad Nizam Setiawan (Universitas Negeri Surabaya, Indonesia); Bartolomeus Priya Perkasa Utama Widada (National Cheng Kung University, Taiwan)",13-Aug-26,2026 Ninth International Conference on Vocational Education and Electrical Engineering (ICVEE),17-18 September 2026,"Surabaya, Indonesia","Prof. Dr. Nurhayati, S.T., M.T.",General Chair
1571306624,accepted,A Machine Learning Approach for Predicting Student Specialization: Classifier Comparison with Integrated Academic and Preference Features,"Martini Dwi Endah Susanti (Universitas Negeri Surabaya, Indonesia); Rindu Wibawa (State University of Surabaya, Indonesia); Ramadhan Cakra Wibawa (Universitas Negeri Surabaya, Indonesia); Elvira Wardah (State University of Surabaya, Indonesia); Ahmad Zulkifli Baihaqi and Nelani Shafatia Zulatifa (Universitas Negeri Surabaya, Indonesia)",13-Aug-26,2026 Ninth International Conference on Vocational Education and Electrical Engineering (ICVEE),17-18 September 2026,"Surabaya, Indonesia","Prof. Dr. Nurhayati, S.T., M.T.",General Chair
1571307032,accepted,An Integrated Web-Based Guidance and Counseling Service System with Automated Psychological Screening and Chatbot Triage for Engineering Students,"Dindy Sinta Megasari, Martini Dwi Endah Susanti, Sonia Pradita, Ramadhan Cakra Wibawa and Aries Indriyanti (Universitas Negeri Surabaya, Indonesia)",13-Aug-26,2026 Ninth International Conference on Vocational Education and Electrical Engineering (ICVEE),17-18 September 2026,"Surabaya, Indonesia","Prof. Dr. Nurhayati, S.T., M.T.",General Chair
1571307035,accepted,An Efficient First-Order All-Pass Filter with Single-Resistor Phase Control Using a Single VCII,"Burin Theppota (KMUTNB, Thailand); Wiset Saksiri (King Mongkut's University of Technology North Bangkok, Thailand); Montree Siripruchyanun (King Mongkut University of Technology North Bangkok, Thailand)",13-Aug-26,2026 Ninth International Conference on Vocational Education and Electrical Engineering (ICVEE),17-18 September 2026,"Surabaya, Indonesia","Prof. Dr. Nurhayati, S.T., M.T.",General Chair
1571307129,accepted,A Carbon Monoxide Exposure Analysis for Motorcycle Riders Using Mobile Air Quality Monitoring System,"Alfiandi Aulia Rahmadani, Nobuo Funabiki, Htoo Htoo Sandi Kyaw, Noprianto Noprianto and Mustika Mentari (Okayama University, Japan); Yan Watequlis Syaifudin (State Polytechnic of Malang, Indonesia)",13-Aug-26,2026 Ninth International Conference on Vocational Education and Electrical Engineering (ICVEE),17-18 September 2026,"Surabaya, Indonesia","Prof. Dr. Nurhayati, S.T., M.T.",General Chair
1571307383,accepted,"Feasibility Evaluation of an Adaptive, Explainable, and Gamified Expert System for Preliminary Stress Screening","Putri Taqwa Prasetyaningrum (Universitas Mercu Buana Yogyakarta, Indonesia); Usman Ependi (Universitas Bina Darma, Indonesia); Ari Muzakir (Universitas Bina Darma, Indonesia & Universitas Diponegoro, Indonesia); Uci Suriani (Prasetiya Mandiri Darussalam Polytechnic, Indonesia); Eka Puji Agustini (University of Diponegoro & University of Bina Darma, Indonesia); Marita Prasetyani (Universitas Muhammadiyah Semarang, Indonesia)",13-Aug-26,2026 Ninth International Conference on Vocational Education and Electrical Engineering (ICVEE),17-18 September 2026,"Surabaya, Indonesia","Prof. Dr. Nurhayati, S.T., M.T.",General Chair
1571307415,accepted,Identifying Learner Satisfaction Factors Through Aspect-Based Sentiment Analysis of Indonesian German Language Course,"I Putu Agus Eka Darma Udayana (Institut Bisnis Dan Teknologi Indonesia, Indonesia & Universitas Udayana, Indonesia); Angelika Deice Elizabeth Lantu (Institut Bisnis dan Teknologi Indonesia, Indonesia)",13-Aug-26,2026 Ninth International Conference on Vocational Education and Electrical Engineering (ICVEE),17-18 September 2026,"Surabaya, Indonesia","Prof. Dr. Nurhayati, S.T., M.T.",General Chair
1571307433,accepted,Towards 6G-Oriented Disaster-Resilient Telecommunications: A Conceptual Taxonomy for Archipelagic Indonesia,"Fadli Sirait, Triyanto Pangaribowo and Fahraini Bacharudin (Universitas Mercu Buana, Indonesia); Jusoh Tajudin Mohd Taufik (IETR, University of Rennes 1 & Faculty of Engineering, National Defence University of Malaysia, France); Kaharudin Dimyati (University of Malaya, Malaysia); Setiyo Budiyanto (Universitas Mercu Buana, Indonesia)",13-Aug-26,2026 Ninth International Conference on Vocational Education and Electrical Engineering (ICVEE),17-18 September 2026,"Surabaya, Indonesia","Prof. Dr. Nurhayati, S.T., M.T.",General Chair
1571307467,accepted,IndoRoBERTa-Based Cross-Modal Sentiment on Danantara Policy and IHSG Returns,"Wiyli Yustanti and I Kadek Dwi Nuryana (Universitas Negeri Surabaya, Indonesia); Cendra Devayana Putra (Universitas Negeri Surabaya, Indonesia & National Cheng Kung University, Taiwan); Monica Cinthya (Universitas Negeri Surabaya, Indonesia); Jiunn-Woei Lian (National Taichung University of Science and Technology, Taiwan)",13-Aug-26,2026 Ninth International Conference on Vocational Education and Electrical Engineering (ICVEE),17-18 September 2026,"Surabaya, Indonesia","Prof. Dr. Nurhayati, S.T., M.T.",General Chair
1571307511,accepted,Ontology and Natural Language Processing for Hierarchical Alignment Traceability in Outcome-Based Education,"Yeni Anistyasari and Ekohariadi (Universitas Negeri Surabaya, Indonesia); Shintami Chusnul Hidayati (Institut Teknologi Sepuluh Nopember, Indonesia)",13-Aug-26,2026 Ninth International Conference on Vocational Education and Electrical Engineering (ICVEE),17-18 September 2026,"Surabaya, Indonesia","Prof. Dr. Nurhayati, S.T., M.T.",General Chair
1571307533,accepted,Deep Learning-Based Recognition of Lombok Songket Patterns Using Convolutional Neural Networks,"M Amrulloh (Institut Bisnis dan Teknologi Indonesia Denpasar, Indonesia); Putu Sugiartawan (Indonesian Institute of Business and Technology, Indonesia & Informatics Engineering Study Program, Indonesia); I Putu Yoga Indrawan (INSTIKI, Indonesia); Ni Wayan Sumartini Saraswati (Institut Bisnis dan Teknologi Indonesia, Indonesia); I Gusti Ayu Agung Mas Aristamy (Institut Bisnis Dan Teknologi Indonesia, Indonesia)",13-Aug-26,2026 Ninth International Conference on Vocational Education and Electrical Engineering (ICVEE),17-18 September 2026,"Surabaya, Indonesia","Prof. Dr. Nurhayati, S.T., M.T.",General Chair
1571307597,accepted,A Dual-Stage Preprocessing Framework Using SRAD and CLAHE Combined with LBP-SVM for Breast Cancer Ultrasound Classification,"Hesti Khuzaimah Nurul Yusufiyah, Mukhammad Junizar Firmansyah, Anisja Noni Kartikasari, Fika Nur Aini and Sayyidul Aulia Alamsyah (Universitas Negeri Surabaya, Indonesia); Namira Jannah (Institut Teknologi Sepuluh Nopember, Indonesia & Universitas Negeri Surabaya, Indonesia); Galih Ramadhani Muhammad (Universitas Negeri Surabaya, Indonesia)",13-Aug-26,2026 Ninth International Conference on Vocational Education and Electrical Engineering (ICVEE),17-18 September 2026,"Surabaya, Indonesia","Prof. Dr. Nurhayati, S.T., M.T.",General Chair
1571307615,accepted,Synthetic Data Augmentation Using GAN for Improved MobileNetV3-Based Moringa Leaf Classification,"I Dewa Gede Dika Mahendra (Institut Bisnis dan Teknologi Indonesia, Indonesia); Putu Sugiartawan (Indonesian Institute of Business and Technology, Indonesia & Informatics Engineering Study Program, Indonesia); Aniek Suryanti Kusuma (Institut Bisnis dan Teknologi Indonesia, Indonesia)",13-Aug-26,2026 Ninth International Conference on Vocational Education and Electrical Engineering (ICVEE),17-18 September 2026,"Surabaya, Indonesia","Prof. Dr. Nurhayati, S.T., M.T.",General Chair
1571307622,accepted,Optimization of N-Dpid Control Using the Grey Wolf Optimizer Algorithm for Power Stability in a Hybrid Energy Storage System,"Lintang Deni Laksana (Universitas Negeri Malang, Indonesia); Sujito and Afifah Zahirah (State University of Malang, Indonesia); M. Fazlur Rahman Addakhil, Mohamad Rodhi Faiz and Chelsea Aulia Arnelita (Universitas Negeri Malang, Indonesia)",13-Aug-26,2026 Ninth International Conference on Vocational Education and Electrical Engineering (ICVEE),17-18 September 2026,"Surabaya, Indonesia","Prof. Dr. Nurhayati, S.T., M.T.",General Chair
1571307624,accepted,Deep Reinforcement Learning-Based MIMO Controller Design for Maximum Energy Efficiency in Electric Vehicles,"Puput Wanarti Rusimamto (Universitas Negeri Surabaya, Indonesia)",13-Aug-26,2026 Ninth International Conference on Vocational Education and Electrical Engineering (ICVEE),17-18 September 2026,"Surabaya, Indonesia","Prof. Dr. Nurhayati, S.T., M.T.",General Chair
1571307635,accepted,Transfer Learning-Based Wayang Puppet Classification Using ConvNeXt-XLarge Architecture,"I Dewa Putu Gede Wiyata Putra (Institut Bisnis dan Teknologi Indonesia, Indonesia); Putu Sugiartawan (Indonesian Institute of Business and Technology, Indonesia & Informatics Engineering Study Program, Indonesia); I Dewa Ayu Sri Murdhani and I Nyoman Agus Suarya Putra (Institut Bisnis dan Teknologi Indonesia, Indonesia); I Nyoman Alit Arsana (Institut Agama Hindu Negeri Tampung Penyang Palangka Raya, Indonesia)",13-Aug-26,2026 Ninth International Conference on Vocational Education and Electrical Engineering (ICVEE),17-18 September 2026,"Surabaya, Indonesia","Prof. Dr. Nurhayati, S.T., M.T.",General Chair
1571307652,accepted,Smartphone-Based Image Dataset for Dried Moringa Leaf Quality Classification Under Multiple Acquisition Conditions,"Putu Sugiartawan (Indonesian Institute of Business and Technology, Indonesia & Informatics Engineering Study Program, Indonesia)",13-Aug-26,2026 Ninth International Conference on Vocational Education and Electrical Engineering (ICVEE),17-18 September 2026,"Surabaya, Indonesia","Prof. Dr. Nurhayati, S.T., M.T.",General Chair
1571307660,accepted,Comparative Study of Cased and Uncased BERT Models for Intent Classification in Natural Language Understanding,"Kadek Nonik Erawati (Institut Bisnis dan Teknologi Indonesia, Indonesia); Putu Sugiartawan (Indonesian Institute of Business and Technology, Indonesia & Informatics Engineering Study Program, Indonesia); I Dewa Ayu Sri Murdhani and I Nyoman Agus Suarya Putra (Institut Bisnis dan Teknologi Indonesia, Indonesia); I Nyoman Alit Arsana (Institut Agama Hindu Negeri Tampung Penyang Palangka Raya, Indonesia)",13-Aug-26,2026 Ninth International Conference on Vocational Education and Electrical Engineering (ICVEE),17-18 September 2026,"Surabaya, Indonesia","Prof. Dr. Nurhayati, S.T., M.T.",General Chair
1571307671,accepted,MILP-Based Appliance Scheduling for Energy and Cost Optimization in IoT-Enabled Smart Home Systems,"Mohammad Noer Dafiq (Politeknik Elektronika Negeri Surabaya, Indonesia); Grezio Arifiyan (Institut Teknologi Sepuluh Nopember & Politeknik Elektronika Negeri Surabaya, Indonesia); Arif Basofi, Sritrusta Sukaridhoto, Wahyu Nur Hidayat, Damar Galih Aji and Daffa Muhammad Irhamni (Politeknik Elektronika Negeri Surabaya, Indonesia)",13-Aug-26,2026 Ninth International Conference on Vocational Education and Electrical Engineering (ICVEE),17-18 September 2026,"Surabaya, Indonesia","Prof. Dr. Nurhayati, S.T., M.T.",General Chair
1571307676,accepted,Chicken Health Classification Based on Vocalizations Using Convolutional Neural Network (CNN),"Nurwahid Rahman (Universitas Telkom, Indonesia); Risdilah Mimma Untsa (Telkom University, Indonesia); Fannush Shofi Akbar (Telkom University, Surabaya Campus, Indonesia); Arrizky Ayu Faradila Purnama (Telkom University & Faculty of Electrical Engineering, Indonesia); Muhsin (Telkom University, Indonesia)",13-Aug-26,2026 Ninth International Conference on Vocational Education and Electrical Engineering (ICVEE),17-18 September 2026,"Surabaya, Indonesia","Prof. Dr. Nurhayati, S.T., M.T.",General Chair
1571307682,accepted,Comparison of BER OTFS and OFDM Performance on FANET-Based WSN in Hovering and High Mobility Scheme,"Miftahur Rohman (Universitas Negeri Surabaya, Indonesia); Titiek Suryani and Ahmad Sirojuddin (Institut Teknologi Sepuluh Nopember, Indonesia); Rifqi Firmansyah (Universitas Negeri Surabaya, Indonesia)",13-Aug-26,2026 Ninth International Conference on Vocational Education and Electrical Engineering (ICVEE),17-18 September 2026,"Surabaya, Indonesia","Prof. Dr. Nurhayati, S.T., M.T.",General Chair
1571307703,accepted,Design and Simulation of Compact Meander Line Antenna on Felt Substrate at 915 MHz Band for LoRa Application,"Rizky Febriabsyah (Universitas Negeri Surabaya, Indonesia)",13-Aug-26,2026 Ninth International Conference on Vocational Education and Electrical Engineering (ICVEE),17-18 September 2026,"Surabaya, Indonesia","Prof. Dr. Nurhayati, S.T., M.T.",General Chair
1571308724,accepted,Generative AI-Based Reading Literacy Assessment System for Independent Learning in Resource-Constrained Educational Environments,"Abiyasa Putra Prasetya (Politeknik Negeri Malang, Indonesia); Yan Watequlis Syaifudin (State Polytechnic of Malang, Indonesia); Rakhmat Arianto (Politeknik Negeri Malang, Indonesia); Mustika Mentari (Okayama University, Japan); Triana Fatmawati and Pramana Yoga Saputra (State Polytechnic of Malang, Indonesia)",13-Aug-26,2026 Ninth International Conference on Vocational Education and Electrical Engineering (ICVEE),17-18 September 2026,"Surabaya, Indonesia","Prof. Dr. Nurhayati, S.T., M.T.",General Chair
1571308850,accepted,Integrated PHP Programming Learning Modules with Automated Assessment: From Basic Syntax to RESTful API Development,"Yan Watequlis Syaifudin, Triana Fatmawati and Pramana Yoga Saputra (State Polytechnic of Malang, Indonesia); Nobuo Funabiki and Mustika Mentari (Okayama University, Japan); Yuri Ariyanto (State Polytechnic of Malang, Indonesia)",13-Aug-26,2026 Ninth International Conference on Vocational Education and Electrical Engineering (ICVEE),17-18 September 2026,"Surabaya, Indonesia","Prof. Dr. Nurhayati, S.T., M.T.",General Chair
1571309340,accepted,Design and Analysis of Wearable Antenna for Smart Health Monitoring Applications,"Anusha K and Manjuri Duraimurugan (Kumaraguru College of Technology, India)",13-Aug-26,2026 Ninth International Conference on Vocational Education and Electrical Engineering (ICVEE),17-18 September 2026,"Surabaya, Indonesia","Prof. Dr. Nurhayati, S.T., M.T.",General Chair
1571310439,accepted,Digital Knowledge Platform for Basic Electrical Systems,"Yulia Fransisca (Universitas Negeri Surabaya, Indonesia); Subuh Haryudo (State University of Surabaya, Indonesia); Heri Suryaman (Universitas Negeri Surabaya, Indonesia); Hanif Rifai Adha (Universitas Negeri Malang, Indonesia)",13-Aug-26,2026 Ninth International Conference on Vocational Education and Electrical Engineering (ICVEE),17-18 September 2026,"Surabaya, Indonesia","Prof. Dr. Nurhayati, S.T., M.T.",General Chair
